{"OutputFileHashSum":"ECA6A9D5616810C6BB69F2EFE43066F59C2962860A7640CED055BD4CB099EFE3","Converted":true,"OutputModifyDate":"2021-06-30T02:32:41.0838466Z","Metadatas":[],"MetadataTypes":[{"CategoryName":"VuGen.Replay","MetadataTypeName":"Utt.Debugger.Warning","Id":1},{"CategoryName":"VuGen.Replay","MetadataTypeName":"HP.LR.Vugen.Iteration","Id":2},{"CategoryName":"VuGen.Replay","MetadataTypeName":"HP.LR.Vugen.NotifyTransaction","Id":3},{"CategoryName":"VuGen.Replay","MetadataTypeName":"HP.LR.Vugen.NotifySavingParameter","Id":4},{"CategoryName":"VuGen.Replay","MetadataTypeName":"HP.LR.Vugen.NotifyParameterSubstitution","Id":5},{"CategoryName":"VuGen.Replay","MetadataTypeName":"Utt.Debugger.Error","Id":6},{"CategoryName":"VuGen.Replay","MetadataTypeName":"HP.LR.Vugen.NotifyAny","Id":7}]}